{"success":true,"terms":"https:\/\/currencylayer.com\/terms","privacy":"https:\/\/currencylayer.com\/privacy","timestamp":1644048664,"source":"USD","quotes":{"USDAED":3.673042,"USDAFN":95.000368,"USDALL":106.703989,"USDAMD":481.630403,"USDANG":1.802765,"USDAOA":522.284041,"USDARS":105.356594,"USDAUD":1.414667,"USDAWG":1.8005,"USDAZN":1.70397,"USDBAM":1.704405,"USDBBD":2.019669,"USDBDT":85.935086,"USDBGN":1.710432,"USDBHD":0.376927,"USDBIF":2016,"USDBMD":1,"USDBND":1.344892,"USDBOB":6.886969,"USDBRL":5.328504,"USDBSD":1.000344,"USDBTC":2.4096834e-5,"USDBTN":74.730742,"USDBWP":11.557409,"USDBYN":2.577221,"USDBYR":19600,"USDBZD":2.016305,"USDCAD":1.275715,"USDCDF":2015.000362,"USDCHF":0.925003,"USDCLF":0.030026,"USDCLP":828.503912,"USDCNY":6.361041,"USDCOP":3956.54,"USDCRC":643.666041,"USDCUC":1,"USDCUP":26.5,"USDCVE":97.403897,"USDCZK":21.29035,"USDDJF":177.720394,"USDDKK":6.50204,"USDDOP":57.650393,"USDDZD":140.600873,"USDEGP":15.731878,"USDERN":15.000019,"USDETB":50.103876,"USDEUR":0.873404,"USDFJD":2.13904,"USDFKP":0.72792,"USDGBP":0.738672,"USDGEL":2.980391,"USDGGP":0.72792,"USDGHS":6.41039,"USDGIP":0.72792,"USDGMD":53.02504,"USDGNF":9070.000355,"USDGTQ":7.692274,"USDGYD":209.182451,"USDHKD":7.788175,"USDHNL":24.610389,"USDHRK":6.574804,"USDHTG":101.592572,"USDHUF":310.020388,"USDIDR":14400.7,"USDILS":3.208404,"USDIMP":0.72792,"USDINR":74.64245,"USDIQD":1460,"USDIRR":42315.000352,"USDISK":124.903816,"USDJEP":0.72792,"USDJMD":156.655904,"USDJOD":0.70904,"USDJPY":115.22504,"USDKES":113.650385,"USDKGS":84.803801,"USDKHR":4065.000351,"USDKMF":430.150384,"USDKPW":900.000157,"USDKRW":1198.390384,"USDKWD":0.302304,"USDKYD":0.833627,"USDKZT":432.080314,"USDLAK":11343.000349,"USDLBP":1515.581417,"USDLKR":202.489118,"USDLRD":153.150382,"USDLSL":15.430382,"USDLTL":2.95274,"USDLVL":0.60489,"USDLYD":4.595039,"USDMAD":9.303504,"USDMDL":17.905213,"USDMGA":4010.000347,"USDMKD":53.708295,"USDMMK":1778.519235,"USDMNT":2858.831164,"USDMOP":8.023089,"USDMRO":356.999828,"USDMUR":43.540379,"USDMVR":15.450378,"USDMWK":810.000345,"USDMXN":20.680904,"USDMYR":4.179504,"USDMZN":63.830377,"USDNAD":15.430377,"USDNGN":416.203727,"USDNIO":35.450377,"USDNOK":8.79755,"USDNPR":119.567936,"USDNZD":1.504017,"USDOMR":0.3849,"USDPAB":1.000344,"USDPEN":3.845504,"USDPGK":3.515039,"USDPHP":51.200873,"USDPKR":174.550375,"USDPLN":3.987404,"USDPYG":7036.683616,"USDQAR":3.641038,"USDRON":4.321038,"USDRSD":102.676856,"USDRUB":75.742104,"USDRWF":1017,"USDSAR":3.751905,"USDSBD":8.100479,"USDSCR":13.283843,"USDSDG":441.00034,"USDSEK":9.150404,"USDSGD":1.34574,"USDSHP":1.377404,"USDSLL":11425.000339,"USDSOS":585.000338,"USDSRD":20.693038,"USDSTD":20697.981008,"USDSVC":8.752903,"USDSYP":2511.999776,"USDSZL":15.43037,"USDTHB":32.974038,"USDTJS":11.29347,"USDTMT":3.51,"USDTND":2.862504,"USDTOP":2.26795,"USDTRY":13.568704,"USDTTD":6.785968,"USDTWD":27.815038,"USDTZS":2313.000336,"USDUAH":28.117715,"USDUGX":3506.102476,"USDUSD":1,"USDUYU":43.882651,"USDUZS":10850.000335,"USDVEF":213830222338.07285,"USDVND":22650,"USDVUV":113.671414,"USDWST":2.612343,"USDXAF":571.515574,"USDXAG":0.044408,"USDXAU":0.000553,"USDXCD":2.70255,"USDXDR":0.71479,"USDXOF":572.503602,"USDXPF":104.550364,"USDYER":250.250364,"USDZAR":15.46027,"USDZMK":9001.203593,"USDZMW":18.365817,"USDZWL":321.999592}}